seqIndex,prediction,distToMargin,P(-1),P(+1)
266,1,4.03984743229,7.95702500528e-12,0.999999999992
238,1,3.9599839523,1.34612657829e-11,0.999999999987
224,1,3.68397835623,8.28334001051e-11,0.999999999917
136,1,3.58782782162,1.55993702605e-10,0.999999999844
226,1,3.54199978998,2.10927373761e-10,0.999999999789
225,1,3.50309250879,2.7250340248e-10,0.999999999727
231,1,3.15417161681,2.70999640078e-09,0.99999999729
249,1,3.08489715733,4.27594696729e-09,0.999999995724
245,1,2.94193752172,1.09590572368e-08,0.999999989041
263,1,2.62570210628,8.78939809598e-08,0.999999912106
246,1,2.58568842959,1.14385589864e-07,0.999999885614
265,1,2.58056990622,1.18306048564e-07,0.999999881694
165,1,2.54725649186,1.47320154223e-07,0.99999985268
262,1,2.50348076661,1.96532653584e-07,0.999999803467
277,1,2.47611270393,2.35338105874e-07,0.999999764662
160,1,2.40740768681,3.69960330359e-07,0.99999963004
21,1,2.39586943549,3.99162426001e-07,0.999999600838
22,1,2.34056345489,5.74519200847e-07,0.999999425481
209,1,2.29315426962,7.85023055425e-07,0.999999214977
90,1,2.26414394045,9.50269831488e-07,0.99999904973
12,1,2.26021818176,9.75156000417e-07,0.999999024844
281,1,2.25597390167,1.00279515806e-06,0.999998997205
122,1,2.24725318589,1.06206862444e-06,0.999998937931
205,1,2.24531591882,1.07570451638e-06,0.999998924295
259,1,2.20375331775,1.41436329537e-06,0.999998585637
227,1,2.19692018847,1.47946282983e-06,0.999998520537
33,1,2.16372195946,1.84100435802e-06,0.999998158996
191,1,2.16285384319,1.85155995984e-06,0.99999814844
248,1,2.13484958298,2.22657000124e-06,0.99999777343
279,1,2.12633078173,2.35506376663e-06,0.999997644936
151,1,2.11698061098,2.50465142292e-06,0.999997495349
17,1,2.09786500377,2.84070075546e-06,0.999997159299
177,1,2.08352698238,3.12204356001e-06,0.999996877956
18,1,2.04348222244,4.06434891178e-06,0.999995935651
260,1,2.04314281971,4.07344553476e-06,0.999995926554
222,1,2.04303517087,4.07633497532e-06,0.999995923665
130,1,2.03077541087,4.41918118438e-06,0.999995580819
242,1,2.00450513794,5.25408344648e-06,0.999994745917
60,1,1.97923640784,6.20569979357e-06,0.9999937943
108,1,1.97576099926,6.34942236326e-06,0.999993650578
237,1,1.97544703608,6.36256889381e-06,0.999993637431
116,1,1.9587923953,7.1004204279e-06,0.99999289958
250,1,1.9571609537,7.17714927868e-06,0.999992822851
196,1,1.94980380175,7.53360153726e-06,0.999992466398
203,1,1.93969588655,8.05238571179e-06,0.999991947614
269,1,1.92475640159,8.88530854991e-06,0.999991114691
206,1,1.90978136127,9.80672323922e-06,0.999990193277
171,1,1.90894998085,9.86059188603e-06,0.999990139408
25,1,1.90624962055,1.00376103442e-05,0.99998996239
181,1,1.89587993116,1.07474338562e-05,0.999989252566
252,1,1.8034751842,0.00255662983421,0.997443370166
182,1,1.80301086168,0.00256053024672,0.997439469753
282,1,1.80295640353,0.00256098809599,0.997439011904
244,1,1.80170481024,0.00257153322442,0.997428466776
235,1,1.78265311713,0.00273750252404,0.997262497476
183,1,1.7794170472,0.00276673649952,0.9972332635
13,1,1.77508129643,0.00280639330924,0.997193606691
120,1,1.75197116326,0.00302752950613,0.996972470494
121,1,1.75025188838,0.00304465886759,0.996955341132
26,1,1.73807843884,0.00316874007334,0.996831259927
117,1,1.72377685536,0.00332096632261,0.996679033677
142,1,1.71490594579,0.00341902855501,0.996580971445
82,1,1.71470342661,0.00342130064551,0.996578699354
141,1,1.71401352799,0.00342905201207,0.996570947988
272,1,1.69336602673,0.00366931458493,0.996330685415
271,1,1.69272572752,0.00367702761034,0.99632297239
8,1,1.64821086021,0.00425479454464,0.995745205455
268,1,1.63974288799,0.00437452799685,0.995625472003
233,1,1.62372306907,0.00461029123644,0.995389708764
241,1,1.61149273872,0.00479876053006,0.99520123947
234,1,1.61001551976,0.0048220372902,0.99517796271
193,1,1.57561334802,0.00539704796098,0.994602952039
199,1,1.56105405727,0.00566047765982,0.99433952234
59,1,1.55224365252,0.005826057641,0.994173942359
562,1,1.50054441549,0.00689931830816,0.993100681692
81,1,1.49391431866,0.0070504562428,0.992949543757
20,1,1.48481387558,0.00726327282302,0.992736727177
175,1,1.48172452364,0.00733695818918,0.992663041811
273,1,1.47447376493,0.00751282559463,0.992487174405
270,1,1.4739256511,0.00752628892301,0.992473711077
198,1,1.46725235796,0.0076921376924,0.992307862308
143,1,1.45762958974,0.00793769108908,0.992062308911
126,1,1.42793904112,0.00874538807348,0.991254611927
180,1,1.41020492998,0.00926614163119,0.990733858369
105,1,1.40345765352,0.00947223865369,0.990527761346
89,1,1.4003718197,0.00956800255839,0.990431997442
62,1,1.39992398314,0.0095819798688,0.990418020131
134,1,1.39794895498,0.00964386351055,0.990356136489
72,1,1.396035838,0.00970418449082,0.990295815509
187,1,1.39353261881,0.00978367590644,0.990216324094
147,1,1.3906740829,0.00987523913169,0.990124760868
127,1,1.38771685561,0.009970856154,0.990029143846
274,1,1.3845175566,0.0100753321094,0.989924667891
115,1,1.37631316967,0.0103482301764,0.989651769824
156,1,1.37597125813,0.0103597603496,0.98964023965
24,1,1.37245913317,0.0104789368078,0.989521063192
28,1,1.36952970583,0.0105793771246,0.989420622875
170,1,1.36948048373,0.0105810728946,0.989418927105
16,1,1.36783780973,0.0106378197474,0.989362180253
119,1,1.3619930713,0.0108421798235,0.989157820176
93,1,1.35922205315,0.0109404196046,0.989059580395
264,1,1.35231868239,0.0111890052228,0.988810994777
118,1,1.35179526251,0.0112080793091,0.988791920691
76,1,1.34741578706,0.0113689373526,0.988631062647
161,1,1.34330805035,0.0115218868144,0.988478113186
75,1,1.34195606821,0.0115726704805,0.988427329519
157,1,1.34043830842,0.0116299446451,0.988370055355
202,1,1.34011650503,0.0116421241457,0.988357875854
275,1,1.3373191355,0.0117485301856,0.988251469814
284,1,1.33168095399,0.0119659222779,0.988034077722
150,1,1.3286977713,0.012082547307,0.987917452693
110,1,1.31481886108,0.0126400560433,0.987359943957
65,1,1.31111496464,0.012793082674,0.987206917326
479,1,1.30976213319,0.0128494294888,0.987150570511
178,1,1.30366006161,0.0131066447813,0.986893355219
169,1,1.3033496881,0.0131198625473,0.986880137453
129,1,1.26731237793,0.0147473510211,0.985252648979
236,1,1.26467517186,0.0148739718719,0.985126028128
135,1,1.2639233105,0.0149102668196,0.98508973318
197,1,1.25179468829,0.0155079450504,0.98449205495
256,1,1.25163019564,0.0155162108575,0.984483789143
232,1,1.25083980265,0.0155559888345,0.984444011165
201,1,1.2481502409,0.0156920987889,0.984307901211
167,1,1.2463233343,0.0157852198761,0.984214780124
140,1,1.23339228644,0.0164600538386,0.983539946161
70,1,1.22612126992,0.0168518773844,0.983148122616
83,1,1.21889251078,0.0172505010987,0.982749498901
133,1,1.21072809153,0.0177118592815,0.982288140719
214,1,1.20263657714,0.0181810370747,0.981818962925
255,1,1.20221212666,0.0182059820684,0.981794017932
243,1,1.187553322,0.0190883785473,0.980911621453
280,1,1.17182323305,0.0200818754561,0.979918124544
125,1,1.16371218897,0.0206137626399,0.97938623736
219,1,1.15435801794,0.0212442893968,0.978755710603
146,1,1.1523851379,0.0213796610604,0.97862033894
223,1,1.14571377101,0.0218436991762,0.978156300824
230,1,1.13221586517,0.0228128490534,0.977187150947
154,1,1.12965075503,0.0230017116146,0.976998288385
148,1,1.12745885392,0.0231643036176,0.976835696382
144,1,1.12634068376,0.0232476790986,0.976752320901
102,1,1.12201088692,0.0235732964074,0.976426703593
10,1,1.11496793664,0.0241124741403,0.97588752586
103,1,1.10697521307,0.0247389232538,0.975261076746
152,1,1.10042576263,0.0252640402378,0.974735959762
285,1,1.09645513182,0.0255876592479,0.974412340752
66,1,1.08639470009,0.0264257703369,0.973574229663
162,1,1.08111466468,0.0268762533251,0.973123746675
158,1,1.0714024735,0.0277244347814,0.972275565219
131,1,1.06873251152,0.0279621236958,0.972037876304
84,1,1.05635695737,0.029089894101,0.970910105899
58,1,1.0483642058,0.0298415609524,0.970158439048
77,1,1.0472347317,0.0299492858931,0.970050714107
257,1,1.04235051068,0.0304194732708,0.969580526729
53,1,1.03174667841,0.0314649763484,0.968535023652
253,1,1.03035673901,0.0316045686152,0.968395431385
57,1,1.02976145248,0.0316645363835,0.968335463616
106,1,1.02593485854,0.0320526512636,0.967947348736
4,1,1.02343997959,0.0323081662017,0.967691833798
194,1,1.02281763341,0.0323722101217,0.967627789878
221,1,1.00922642266,0.0338017884167,0.966198211583
393,1,1.00557978185,0.0341955978043,0.965804402196
220,1,1.00302093704,0.0344745691286,0.965525430871
168,1,1.00266739638,0.0345132849299,0.96548671507
145,1,1.00002412671,0.0348040760033,0.965195923997
9,1,1.0000162378,0.034804947398,0.965195052602
56,1,1.00001549507,0.0348050294395,0.96519497056
286,1,0.999992069125,0.0348076171579,0.965192382842
195,1,0.999966549454,0.0348104363677,0.965189563632
50,1,0.99995191891,0.0348120527327,0.965187947267
52,1,0.97055748802,0.0382095396757,0.961790460324
92,1,0.970028811508,0.0382734686571,0.961726531343
132,1,0.969627188486,0.0383221025571,0.961677897443
39,1,0.966866492738,0.038658012226,0.961341987774
176,1,0.952350118195,0.0404712472198,0.95952875278
149,1,0.945575306471,0.0413450894205,0.95865491058
247,1,0.944177199577,0.041527655184,0.958472344816
91,1,0.933950240125,0.0428867182075,0.957113281793
164,1,0.933217366195,0.0429857237443,0.957014276256
210,1,0.93287422223,0.0430321547547,0.956967845245
87,1,0.925526023161,0.0440380032733,0.955961996727
104,1,0.920150833262,0.044787932799,0.955212067201
213,1,0.911021300761,0.0460896052134,0.953910394787
111,1,0.903883578745,0.047132274423,0.952867725577
47,1,0.900103558546,0.0476934952755,0.952306504724
54,1,0.897892184206,0.0480247550806,0.951975244919
137,1,0.889208409631,0.0493468105247,0.950653189475
112,1,0.881155591282,0.0506035761701,0.94939642383
128,1,0.879609618483,0.0508482914649,0.949151708535
68,1,0.87799558072,0.0511049757648,0.948895024235
97,1,0.877456779647,0.051190935211,0.948809064789
80,1,0.87620953762,0.0513904432768,0.948609556723
254,1,0.87325581165,0.0518658565317,0.948134143468
139,1,0.869621712718,0.0524564838438,0.947543516156
14,1,0.853924295365,0.0550814167701,0.94491858323
113,1,0.848774010269,0.0559692946521,0.944030705348
251,1,0.84330860763,0.0569262210503,0.94307377895
96,1,0.834571783622,0.0584879462654,0.941512053735
474,1,0.834143101407,0.058565600374,0.941434399626
212,1,0.829944642529,0.0593312665248,0.940668733475
278,1,0.805689188747,0.063941481001,0.936058518999
15,1,0.783945593754,0.0683564579617,0.931643542038
78,1,0.783460645689,0.0684580836135,0.931541916387
138,1,0.776164935476,0.0700040015954,0.929995998405
240,1,0.771690122665,0.0709681447945,0.929031855205
100,1,0.765027264926,0.0724265366742,0.927573463326
190,1,0.740145602504,0.0781209340492,0.921879065951
124,1,0.719628648691,0.0831230272229,0.916876972777
64,1,0.711252433978,0.0852481126301,0.91475188737
123,1,0.706223654528,0.0865476214625,0.913452378537
46,1,0.696394414434,0.0891398158607,0.910860184139
40,1,0.674831212655,0.0950746963158,0.904925303684
267,1,0.673101975486,0.0955657469666,0.904434253033
79,1,0.672483941432,0.0957418029037,0.904258197096
172,1,0.670253397034,0.0963796357195,0.903620364281
239,1,0.650746164992,0.102122401996,0.897877598004
179,1,0.649764217839,0.10241940519,0.89758059481
67,1,0.647835241196,0.10300509436,0.89699490564
44,1,0.645632515579,0.103677550102,0.896322449898
29,1,0.633483287296,0.107457134876,0.892542865124
101,1,0.624673170193,0.110273796257,0.889726203743
378,1,0.606289207653,0.1163615284,0.8836384716
211,1,0.604238594474,0.117058494488,0.882941505512
391,1,0.589806351841,0.122067438185,0.877932561815
114,1,0.584822839006,0.12383970141,0.87616029859
73,1,0.583609424052,0.124274572562,0.875725427438
155,1,0.578628592757,0.126073456184,0.873926543816
61,1,0.577395386478,0.126522288428,0.873477711572
188,1,0.577298204121,0.1265577168,0.8734422832
41,1,0.571494991004,0.128688808057,0.871311191943
85,1,0.571378251099,0.12873199168,0.87126800832
98,1,0.558358049763,0.133626658661,0.866373341339
69,1,0.556933601592,0.134171633649,0.865828366351
184,1,0.555793718051,0.134609094632,0.865390905368
369,1,0.547732265943,0.137737477688,0.862262522312
569,1,0.545712814148,0.138530696669,0.861469303331
185,1,0.501210087309,0.157001367241,0.842998632759
218,1,0.498034658158,0.158393006603,0.841606993397
200,1,0.490509673779,0.161730716105,0.838269283895
45,1,0.48561584202,0.163931595968,0.836068404032
258,1,0.485344597556,0.164054280386,0.835945719614
166,1,0.479195803613,0.166855141444,0.833144858556
343,1,0.475734146478,0.168448657605,0.831551342395
174,1,0.472472717456,0.169961030852,0.830038969148
186,1,0.444298867338,0.183474352211,0.816525647789
159,1,0.440117476366,0.18554890227,0.81445109773
86,1,0.424613258203,0.193397891927,0.806602108073
55,1,0.419321058943,0.196133747148,0.803866252852
74,1,0.410989162256,0.200499630944,0.799500369056
6,1,0.410412796029,0.200804299329,0.799195700671
99,1,0.391026444364,0.211252339695,0.788747660305
109,1,0.384199610105,0.21502429757,0.78497570243
30,1,0.381171731045,0.216712720596,0.783287279404
261,1,0.36465291749,0.226091195574,0.773908804426
564,1,0.362587314447,0.227283780547,0.772716219453
42,1,0.350596584814,0.234293596742,0.765706403258
217,1,0.3482765764,0.235666968538,0.764333031462
107,1,0.33795614431,0.241843242085,0.758156757915
63,1,0.319226782097,0.25332921563,0.74667078437
94,1,0.314928696134,0.256015129151,0.743984870849
88,1,0.31289620626,0.257291715382,0.742708284618
11,1,0.309479201178,0.259447229079,0.740552770921
95,1,0.306518854749,0.26132410469,0.73867589531
153,1,0.279752714276,0.278686609489,0.721313390511
204,1,0.254291418493,0.295842684735,0.704157315265
228,1,0.247152403868,0.300761431747,0.699238568253
354,1,0.245305240182,0.302041678888,0.697958321112
2,1,0.242395865202,0.304064381568,0.695935618432
49,1,0.217394406479,0.321754209019,0.678245790981
19,1,0.20117966611,0.333510747877,0.666489252123
32,1,0.200510830089,0.334000292265,0.665999707735
173,1,0.193253884229,0.339334744585,0.660665255415
419,1,0.192381837562,0.3399785576,0.6600214424
43,1,0.173234288739,0.354260588455,0.645739411545
459,1,0.164321485659,0.357690038424,0.642309961576
51,1,0.152144387913,0.367778049972,0.632221950028
394,1,0.145176874772,0.373530032327,0.626469967673
337,1,0.135547872008,0.381457915627,0.618542084373
163,1,0.123526293165,0.391326379757,0.608673620243
571,1,0.0958318371389,0.413978728363,0.586021271637
351,1,0.0770743456062,0.429295277647,0.570704722353
276,1,0.0696464374835,0.435362002752,0.564637997248
433,1,0.064897966151,0.43924173709,0.56075826291
208,1,0.0589464292085,0.444106544642,0.555893455358
431,1,0.0553119719415,0.447078712167,0.552921287833
192,1,0.0493224874627,0.451979281418,0.548020718582
23,1,0.0291827672149,0.468483443412,0.531516556588
48,1,0.0215991068373,0.474708763106,0.525291236894
215,1,0.0138851571608,0.481046455447,0.518953544553
408,1,0.00325766350766,0.489785193098,0.510214806902
34,-1,-0.0085506449339,0.5,0.5
413,-1,-0.057806990585,0.539930457444,0.460069542556
384,-1,-0.0632607314364,0.544377028181,0.455622971819
323,-1,-0.0816861124789,0.559317495054,0.440682504946
7,-1,-0.133921207708,0.6006380744,0.3993619256
451,-1,-0.134883738799,0.601380968604,0.398619031396
546,-1,-0.147697226534,0.611195685103,0.388804314897
207,-1,-0.168830205322,0.62706113288,0.37293886712
449,-1,-0.20617164183,0.65404553812,0.34595446188
541,-1,-0.208265867798,0.655518150661,0.344481849339
549,-1,-0.211889853802,0.658056209681,0.341943790319
36,-1,-0.222042883369,0.665097978936,0.334902021064
548,-1,-0.222620426675,0.665495502415,0.334504497585
340,-1,-0.231033312957,0.671249291034,0.328750708966
35,-1,-0.231987404578,0.671897490597,0.328102509403
444,-1,-0.242475094363,0.683086933117,0.316913066883
468,-1,-0.253205797364,0.690683365661,0.309316634339
397,-1,-0.261242451997,0.696306220486,0.303693779514
31,-1,-0.269820561568,0.702243781571,0.297756218429
229,-1,-0.280719285425,0.709690211104,0.290309788896
335,-1,-0.286477567908,0.713579742442,0.286420257558
415,-1,-0.304376076708,0.725467985896,0.274532014104
27,-1,-0.314157510038,0.731833658373,0.268166341627
367,-1,-0.315856651891,0.732929862402,0.267070137598
38,-1,-0.321263955746,0.736399381128,0.263600618872
556,-1,-0.34522138256,0.75141925221,0.24858074779
403,-1,-0.353450132417,0.756444045918,0.243555954082
216,-1,-0.365468334484,0.763658170846,0.236341829154
317,-1,-0.378567115953,0.771351297942,0.228648702058
434,-1,-0.394940517169,0.780717400596,0.219282599404
379,-1,-0.400546792497,0.783860254075,0.216139745925
422,-1,-0.409749985533,0.788948501321,0.211051498679
502,-1,-0.422157992737,0.795668855019,0.204331144981
421,-1,-0.425077919823,0.797227011711,0.202772988289
309,-1,-0.427341072231,0.798428587916,0.201571412084
189,-1,-0.434774399736,0.802337673209,0.197662326791
519,-1,-0.435455747874,0.802693111026,0.197306888974
473,-1,-0.43698778133,0.803490563376,0.196509436624
555,-1,-0.447583205804,0.808939032172,0.191060967828
507,-1,-0.454320664616,0.812343185326,0.187656814674
71,-1,-0.456840579947,0.813604350507,0.186395649493
380,-1,-0.458637512298,0.814499680278,0.185500319722
440,-1,-0.460573036278,0.815460344792,0.184539655208
534,-1,-0.461431819228,0.815885352678,0.184114647322
561,-1,-0.496397950342,0.832550236327,0.167449763673
443,-1,-0.498064060952,0.833313396325,0.166686603675
570,-1,-0.502608444894,0.835380800348,0.164619199652
425,-1,-0.504199706792,0.836099839855,0.163900160145
37,-1,-0.514078944419,0.840507536485,0.159492463515
458,-1,-0.532341279713,0.848401952813,0.151598047187
315,-1,-0.537548604708,0.8505933628,0.1494066372
3,-1,-0.547255199804,0.85460844759,0.14539155241
283,-1,-0.559163155343,0.859411355644,0.140588644356
504,-1,-0.572361607746,0.864578955484,0.135421044516
402,-1,-0.579915374364,0.867463809714,0.132536190286
293,-1,-0.589883025418,0.871190697851,0.128809302149
572,-1,-0.595613508699,0.873292635021,0.126707364979
553,-1,-0.631144805711,0.885679213239,0.114320786761
524,-1,-0.632120389734,0.886003956115,0.113996043885
512,-1,-0.638898887491,0.888238185982,0.111761814018
438,-1,-0.639407725165,0.888404347694,0.111595652306
356,-1,-0.65257627854,0.892629959191,0.107370040809
493,-1,-0.656493549244,0.893859520731,0.106140479269
568,-1,-0.658718333729,0.894552302931,0.105447697069
389,-1,-0.665212893791,0.896551886902,0.103448113098
540,-1,-0.668399019364,0.897520534289,0.102479465711
346,-1,-0.672136421707,0.898646533715,0.101353466285
563,-1,-0.689610823408,0.903766629642,0.0962333703579
552,-1,-0.690957461177,0.904151457602,0.0958485423983
362,-1,-0.704343490979,0.907902524676,0.0920974753241
320,-1,-0.708420556428,0.9090185352,0.0909814648
454,-1,-0.709893213529,0.909418643219,0.0905813567805
371,-1,-0.710591315835,0.909607757439,0.0903922425611
559,-1,-0.722051092049,0.912661713456,0.087338286544
374,-1,-0.72254508149,0.912791237891,0.0872087621092
416,-1,-0.737560224309,0.916646146312,0.0833538536883
523,-1,-0.742873207546,0.917972662948,0.0820273370515
533,-1,-0.754060489865,0.920703160935,0.0792968390653
500,-1,-0.766378511282,0.923613361878,0.0763866381223
532,-1,-0.773700209611,0.925296415529,0.0747035844708
375,-1,-0.786040971544,0.928056214053,0.0719437859473
481,-1,-0.789498367811,0.928812371268,0.0711876287318
347,-1,-0.791940540711,0.929342062335,0.070657937665
406,-1,-0.793278825179,0.929630780564,0.0703692194359
526,-1,-0.805276724932,0.932170855254,0.0678291447456
321,-1,-0.807286787121,0.932588003267,0.0674119967333
542,-1,-0.809789295494,0.933104022335,0.0668959776651
491,-1,-0.817714724021,0.93471414687,0.0652858531298
558,-1,-0.822623876102,0.935693333136,0.0643066668639
386,-1,-0.823537501269,0.935874050118,0.064125949882
331,-1,-0.823932236713,0.935951983183,0.0640480168166
530,-1,-0.824580712761,0.936079821031,0.0639201789694
382,-1,-0.827557457035,0.936663598819,0.0633364011807
557,-1,-0.829663732828,0.937073659443,0.0629263405565
467,-1,-0.831126236521,0.937356928965,0.0626430710348
486,-1,-0.831551850197,0.937439141465,0.0625608585353
453,-1,-0.832909321792,0.937700681451,0.0622993185486
349,-1,-0.835136986073,0.938127667825,0.0618723321749
310,-1,-0.838902741247,0.938843255925,0.0611567440747
298,-1,-0.846731671942,0.940306249999,0.0596937500012
294,-1,-0.84813206694,0.940564462743,0.0594355372566
472,-1,-0.860449278731,0.940286755844,0.0597132441559
348,-1,-0.864818135363,0.941114318516,0.0588856814844
358,-1,-0.86557667464,0.941256895377,0.0587431046228
345,-1,-0.87335094088,0.942699468662,0.0573005313379
420,-1,-0.877903580061,0.943528601066,0.0564713989339
560,-1,-0.883190175919,0.944477117935,0.055522882065
316,-1,-0.884906830131,0.944781849653,0.0552181503473
313,-1,-0.885405756429,0.944870117864,0.0551298821365
475,-1,-0.896554201105,0.946807781384,0.0531922186164
411,-1,-0.899375409963,0.947287730037,0.0527122699635
385,-1,-0.901203883643,0.947596581748,0.052403418252
452,-1,-0.908444944166,0.948802783696,0.0511972163036
407,-1,-0.911018910863,0.949225114922,0.0507748850775
330,-1,-0.937134267208,0.95332526628,0.0466747337196
432,-1,-0.941539397519,0.953984700415,0.0460152995845
492,-1,-0.943268050829,0.954241011231,0.0457589887692
511,-1,-0.954612154955,0.955889128926,0.0441108710743
545,-1,-0.957102372967,0.956243157861,0.0437568421392
437,-1,-0.960618226525,0.95673831976,0.0432616802396
297,-1,-0.961533414138,0.956866319157,0.0431336808432
498,-1,-0.962186674242,0.956957460522,0.0430425394776
567,-1,-0.985649598244,0.960109885881,0.0398901141191
399,-1,-0.986067299404,0.960163922556,0.0398360774441
547,-1,-0.999956695629,0.961920709887,0.038079290113
329,-1,-0.99997779146,0.961923319864,0.0380766801364
462,-1,-0.99997953445,0.961923535499,0.0380764645014
529,-1,-0.99999002421,0.96192483322,0.0380751667801
464,-1,-1.00002005358,0.961928548009,0.0380714519907
412,-1,-1.00002009,0.961928552514,0.0380714474858
485,-1,-1.0000221926,0.961928812604,0.038071187396
341,-1,-1.00234977941,0.962215672197,0.0377843278035
373,-1,-1.01205599315,0.963389326285,0.0366106737148
401,-1,-1.01456089986,0.963686386906,0.0363136130941
426,-1,-1.02483966006,0.964880877262,0.0351191227381
463,-1,-1.03544035775,0.966072483711,0.0339275162891
480,-1,-1.03697659792,0.966241850496,0.0337581495044
381,-1,-1.03813260344,0.966368750593,0.0336312494066
483,-1,-1.04082565057,0.966662567743,0.0333374322571
489,-1,-1.04314274411,0.966913351689,0.0330866483113
525,-1,-1.05073881982,0.967722579676,0.0322774203241
325,-1,-1.051533885,0.967806148217,0.0321938517834
339,-1,-1.0606408033,0.968748339517,0.0312516604829
436,-1,-1.06545662074,0.96923556966,0.0307644303396
476,-1,-1.069690418,0.969657739394,0.0303422606057
538,-1,-1.07115468588,0.969802417169,0.0301975828309
544,-1,-1.0835089865,0.970996361874,0.029003638126
390,-1,-1.09022423771,0.971625704467,0.0283742955334
527,-1,-1.09034435038,0.971636837821,0.0283631621788
314,-1,-1.09733553965,0.972277489901,0.0277225100987
388,-1,-1.11130202458,0.973514889588,0.0264851104121
543,-1,-1.1116513416,0.973545128915,0.0264548710854
414,-1,-1.12918052082,0.9750195632,0.0249804368003
457,-1,-1.13156447291,0.975213705076,0.0247862949238
488,-1,-1.13477749075,0.975473004554,0.0245269954464
429,-1,-1.13762487126,0.975700552294,0.0242994477061
503,-1,-1.13907328706,0.975815499383,0.0241845006165
470,-1,-1.15017839546,0.976679108844,0.0233208911556
372,-1,-1.15425487412,0.97698840274,0.0230115972599
334,-1,-1.15875685477,0.977325261137,0.0226747388632
550,-1,-1.15995263038,0.977413910346,0.022586089654
516,-1,-1.16432961798,0.977735480541,0.0222645194589
392,-1,-1.16471104989,0.977763287866,0.0222367121342
360,-1,-1.16719690177,0.977943671342,0.0220563286583
350,-1,-1.17345086593,0.978391094848,0.0216089051522
307,-1,-1.18418010775,0.979137822073,0.0208621779269
333,-1,-1.19851035615,0.980095380366,0.0199046196338
410,-1,-1.21093358519,0.980890118243,0.019109881757
495,-1,-1.21705725764,0.981270183487,0.0187298165128
357,-1,-1.22283231184,0.981621727326,0.0183782726743
327,-1,-1.25072601634,0.983229495951,0.0167705040491
332,-1,-1.26472102156,0.9839826442,0.0160173558001
455,-1,-1.28095643942,0.984814276147,0.0151857238526
366,-1,-1.28915273599,0.98521764256,0.0147823574399
404,-1,-1.29835394097,0.985657762916,0.0143422370837
435,-1,-1.30535969217,0.985984093658,0.0140159063419
1,-1,-1.30658250518,0.986040289693,0.0139597103071
295,-1,-1.31416323571,0.986383696794,0.0136163032061
427,-1,-1.31862977242,0.986582076104,0.0134179238955
355,-1,-1.32171488028,0.986717415352,0.0132825846479
370,-1,-1.32611319588,0.986908013856,0.0130919861441
318,-1,-1.34860487677,0.987840880316,0.0121591196836
539,-1,-1.34942569739,0.987873641397,0.0121263586026
396,-1,-1.35743244382,0.988188629943,0.0118113700575
515,-1,-1.36150111787,0.988345552681,0.0116544473189
447,-1,-1.36651497258,0.988536072267,0.0114639277327
460,-1,-1.38545441159,0.989228128445,0.0107718715552
428,-1,-1.402034112,0.989799648758,0.0102003512418
441,-1,-1.4077219541,0.98998866011,0.0100113398901
442,-1,-1.4083421205,0.990009056191,0.00999094380896
287,-1,-1.40935743297,0.990042358375,0.00995764162492
513,-1,-1.41622684361,0.990264782352,0.00973521764793
518,-1,-1.42362941883,0.990498920993,0.00950107900679
319,-1,-1.43205399486,0.990758552931,0.00924144706887
302,-1,-1.43309426902,0.99079011722,0.00920988278029
456,-1,-1.44988991881,0.991285090187,0.00871490981295
377,-1,-1.45804747933,0.991515821799,0.0084841782014
365,-1,-1.46773696376,0.991781969559,0.00821803044104
364,-1,-1.47737702944,0.992038484623,0.00796151537699
450,-1,-1.48051375363,0.992120213886,0.00787978611366
448,-1,-1.5171488741,0.993014917797,0.00698508220289
290,-1,-1.51945727523,0.993067767055,0.00693223294541
537,-1,-1.51989861772,0.993077825704,0.00692217429577
376,-1,-1.5271962127,0.993242047254,0.00675795274618
528,-1,-1.54032312382,0.993527712006,0.00647228799411
566,-1,-1.54666494069,0.993661366524,0.00633863347573
387,-1,-1.54951561021,0.993720542827,0.00627945717297
522,-1,-1.552079157,0.993773287239,0.00622671276077
305,-1,-1.55494354563,0.993831697905,0.00616830209536
531,-1,-1.556269785,0.993858556846,0.00614144315425
514,-1,-1.55919234422,0.993917332579,0.00608266742134
361,-1,-1.56646660323,0.994061196415,0.00593880358491
353,-1,-1.5729412235,0.994186383044,0.00581361695595
520,-1,-1.5815296002,0.99434837932,0.0056516206799
551,-1,-1.60395983089,0.99475050406,0.00524949593983
490,-1,-1.62081147927,0.99503369033,0.00496630967044
509,-1,-1.64526379787,0.995417671292,0.00458232870838
446,-1,-1.67018410308,0.995778482043,0.00422151795682
465,-1,-1.68638482231,0.995997668652,0.00400233134753
482,-1,-1.69077548142,0.99605508703,0.00394491296963
363,-1,-1.69233191101,0.996075242762,0.00392475723834
324,-1,-1.72405506395,0.996464346211,0.00353565378859
506,-1,-1.73944676982,0.996638993387,0.00336100661268
505,-1,-1.74811995375,0.996733579363,0.00326642063703
306,-1,-1.75819249689,0.996840091198,0.00315990880215
499,-1,-1.76224908985,0.996882000217,0.00311799978289
342,-1,-1.76906494092,0.996951167864,0.00304883213598
535,-1,-1.77107199348,0.996971241626,0.00302875837371
461,-1,-1.79337636111,0.997185621579,0.00281437842093
497,-1,-1.79634643248,0.997212999754,0.00278700024628
517,-1,-1.79958120305,0.997242515068,0.00275748493169
471,-1,-1.80788213788,0.997316833903,0.0026831660968
5,-1,-1.83016548494,0.997506583137,0.00249341686335
400,-1,-1.83812669931,0.997571071351,0.00242892864867
409,-1,-1.88485266322,0.997917323502,0.00208267649785
338,-1,-1.88785421772,0.997937798122,0.00206220187786
405,-1,-1.9026135506,0.99803558576,0.00196441424018
484,-1,-1.91005852394,0.998083138932,0.00191686106753
418,-1,-1.9236385583,0.998166933556,0.00183306644406
424,-1,-1.92897337876,0.998198840572,0.00180115942766
508,-1,-1.93146266299,0.998213538112,0.00178646188783
311,-1,-1.93281345796,0.998221463385,0.00177853661476
289,-1,-1.97581439828,0.998456192201,0.00154380779889
477,-1,-1.99941717081,0.998571589516,0.00142841048366
521,-1,-2.03238261842,0.998718470247,0.00128152975303
288,-1,-2.0630230185,0.998841415061,0.00115858493929
501,-1,-2.07793034642,0.99889689302,0.00110310698001
439,-1,-2.09003237747,0.998939971404,0.00106002859607
536,-1,-2.09740821685,0.998965397102,0.00103460289798
352,-1,-2.1099859239,0.999007355759,0.000992644240545
359,-1,-2.13270910922,0.99907889237,0.000921107629734
430,-1,-2.14719100656,0.999121770146,0.000878229854214
478,-1,-2.15241455144,0.999136741183,0.000863258817101
423,-1,-2.15745938687,0.999150957722,0.00084904227848
296,-1,-2.16467549156,0.999170886991,0.000829113008607
328,-1,-2.16508210787,0.999171995949,0.000828004051298
466,-1,-2.17729120718,0.999204611576,0.000795388423544
565,-1,-2.18317054308,0.999219856287,0.000780143713013
398,-1,-2.18727709654,0.999230330646,0.000769669353643
303,-1,-2.18729657889,0.999230380002,0.000769619997758
326,-1,-2.18773258477,0.999231483736,0.000768516263805
308,-1,-2.22529427728,0.999320862576,0.000679137424405
494,-1,-2.25222825199,0.999378480414,0.000621519586369
496,-1,-2.27364469198,0.999420785505,0.000579214494562
383,-1,-2.27956870682,0.999431970522,0.000568029478281
510,-1,-2.29399332643,0.999458310437,0.000541689562648
301,-1,-2.3032577585,0.999474579887,0.000525420113221
554,-1,-2.32779187063,0.999515343034,0.000484656966274
312,-1,-2.32870656681,0.999516800057,0.000483199942762
445,-1,-2.39807016712,0.999615435224,0.000384564775911
291,-1,-2.41366780603,0.999634681056,0.000365318944407
304,-1,-2.41737518572,0.999639112052,0.000360887948428
344,-1,-2.55154388927,0.999767954071,0.000232045928667
469,-1,-2.55833144822,0.99977308097,0.00022691902999
487,-1,-2.58636903418,0.999793085807,0.000206914193354
368,-1,-2.63840316263,0.999825656482,0.000174343517684
395,-1,-2.65351189866,0.999834114902,0.00016588509795
300,-1,-2.68705009323,0.999851453156,0.000148546843824
417,-1,-2.74148847018,0.999875822765,0.000124177235104
299,-1,-2.97670962849,0.999942748668,5.72513324832e-05
336,-1,-3.03687471798,0.999953034644,4.6965356057e-05
292,-1,-3.1334180749,0.9999658205,3.41794999578e-05
322,-1,-3.35938892026,0.999983754506,1.62454939755e-05
